,mean,std,layer,variable,similarity_measure
CIFAR,-0.5897596885286588,0.015223018933502213,dense1,prune_rate_in,js_divergence
CINIC,-0.6397929598281706,0.013036995534757,dense1,prune_rate_in,js_divergence
SVHN,-0.6245762508170337,0.014051966300337781,dense1,prune_rate_in,js_divergence
RSN,-0.17244703345639217,0.016715803741141965,dense1,prune_rate_in,js_divergence
RSN_CIFAR,-0.6453789383845662,0.017538207849853302,dense1,prune_rate_in,js_divergence
RSN_CINIC,-0.6600843747319486,0.012222183265815447,dense1,prune_rate_in,js_divergence
RSN_SVHN,-0.6606231258831236,0.01079972544888078,dense1,prune_rate_in,js_divergence
CIFAR_SVHN,-0.6217165950470356,0.014911626574110643,dense1,prune_rate_in,js_divergence
CINIC_CIFAR,-0.6472019382857552,0.01228292791247371,dense1,prune_rate_in,js_divergence
SVHN_CINIC,-0.6385782894537789,0.013136876845957901,dense1,prune_rate_in,js_divergence
within_WTs,-0.6180429663912878,0.025264277425353598,dense1,prune_rate_in,js_divergence
within_conditions,-0.5066439831575638,0.19436503725096627,dense1,prune_rate_in,js_divergence
between_WTs_and_RSN,-0.6553621463332128,0.015526819334722811,dense1,prune_rate_in,js_divergence
between_WT_datasets,-0.6358322742621899,0.017145132619307682,dense1,prune_rate_in,js_divergence
CIFAR,-0.07270777951706833,0.012400325444190554,dense1,prune_rate_out,js_divergence
CINIC,-0.08258524007632473,0.013797132408618034,dense1,prune_rate_out,js_divergence
SVHN,-0.07240923254772601,0.010957784075993108,dense1,prune_rate_out,js_divergence
RSN,-0.04052471021274445,0.006765118443132312,dense1,prune_rate_out,js_divergence
RSN_CIFAR,-0.11592292928413289,0.015187054333291997,dense1,prune_rate_out,js_divergence
RSN_CINIC,-0.2456592428234199,0.022634360556510944,dense1,prune_rate_out,js_divergence
RSN_SVHN,-0.10177188750397066,0.010370359847763452,dense1,prune_rate_out,js_divergence
CIFAR_SVHN,-0.08615264742937304,0.016535778721517347,dense1,prune_rate_out,js_divergence
CINIC_CIFAR,-0.18687495507382576,0.021345296822168444,dense1,prune_rate_out,js_divergence
SVHN_CINIC,-0.15669943377280088,0.019970483167288274,dense1,prune_rate_out,js_divergence
within_WTs,-0.07590075071370636,0.013307518274566386,dense1,prune_rate_out,js_divergence
within_conditions,-0.06705674058846589,0.019465579471066592,dense1,prune_rate_out,js_divergence
between_WTs_and_RSN,-0.15445135320384118,0.06690528117050862,dense1,prune_rate_out,js_divergence
between_WT_datasets,-0.14324234542533323,0.046447121694415824,dense1,prune_rate_out,js_divergence
CIFAR,-0.6874258899373084,0.004853757877904339,dense1,sign_rate_in,js_divergence
CINIC,-0.688561791603775,0.004312921895001622,dense1,sign_rate_in,js_divergence
SVHN,-0.6778885254769864,0.008216178129858042,dense1,sign_rate_in,js_divergence
RSN,-0.6627087192803615,0.007812613908037455,dense1,sign_rate_in,js_divergence
RSN_CIFAR,-0.6873855402388339,0.004483113717724307,dense1,sign_rate_in,js_divergence
RSN_CINIC,-0.6874856671586596,0.004367531032952508,dense1,sign_rate_in,js_divergence
RSN_SVHN,-0.6870685850567422,0.004487397006990391,dense1,sign_rate_in,js_divergence
CIFAR_SVHN,-0.685046647220955,0.0061308982326308305,dense1,sign_rate_in,js_divergence
CINIC_CIFAR,-0.6876671709994187,0.004832300750019219,dense1,sign_rate_in,js_divergence
SVHN_CINIC,-0.6861478246180538,0.006171572552838121,dense1,sign_rate_in,js_divergence
within_WTs,-0.6846254023393566,0.007711230877910204,dense1,sign_rate_in,js_divergence
within_conditions,-0.6791462315746079,0.012244201977514652,dense1,sign_rate_in,js_divergence
between_WTs_and_RSN,-0.6873132641514118,0.004449913194557352,dense1,sign_rate_in,js_divergence
between_WT_datasets,-0.6862872142794758,0.005844942774335504,dense1,sign_rate_in,js_divergence
CIFAR,-0.5455342429038492,0.01611080851330251,dense1,sign_rate_out,js_divergence
CINIC,-0.5707384800970429,0.01734050531419007,dense1,sign_rate_out,js_divergence
SVHN,-0.5481823663218491,0.017934958739531937,dense1,sign_rate_out,js_divergence
RSN,-0.47071444849676947,0.01811923752982013,dense1,sign_rate_out,js_divergence
RSN_CIFAR,-0.5326264159134085,0.01660982795269452,dense1,sign_rate_out,js_divergence
RSN_CINIC,-0.5820978269469637,0.01573983003489983,dense1,sign_rate_out,js_divergence
RSN_SVHN,-0.5333763372420169,0.01879725884657827,dense1,sign_rate_out,js_divergence
CIFAR_SVHN,-0.5488695504044139,0.017442910721070088,dense1,sign_rate_out,js_divergence
CINIC_CIFAR,-0.5812901874769879,0.01564744829076951,dense1,sign_rate_out,js_divergence
SVHN_CINIC,-0.5744280318345109,0.017474260376123606,dense1,sign_rate_out,js_divergence
within_WTs,-0.5548183631075804,0.02053935642247346,dense1,sign_rate_out,js_divergence
within_conditions,-0.5337923844548776,0.0415301203798435,dense1,sign_rate_out,js_divergence
between_WTs_and_RSN,-0.5493668600341296,0.028776269493363236,dense1,sign_rate_out,js_divergence
between_WT_datasets,-0.5681959232386375,0.021895624894409153,dense1,sign_rate_out,js_divergence
CIFAR,-0.0614985768624399,0.009615730538647277,dense2,prune_rate_in,js_divergence
CINIC,-0.06334299463633096,0.01108194582637506,dense2,prune_rate_in,js_divergence
SVHN,-0.0540646837032701,0.009686925552436502,dense2,prune_rate_in,js_divergence
RSN,-0.040506227871635936,0.0071808435921799155,dense2,prune_rate_in,js_divergence
RSN_CIFAR,-0.06270337704179177,0.01184527822702637,dense2,prune_rate_in,js_divergence
RSN_CINIC,-0.22971966185417697,0.03278751605276517,dense2,prune_rate_in,js_divergence
RSN_SVHN,-0.060177755195775055,0.011475134347442227,dense2,prune_rate_in,js_divergence
CIFAR_SVHN,-0.05926075671302398,0.009635401478749287,dense2,prune_rate_in,js_divergence
CINIC_CIFAR,-0.2012641703634256,0.03165598463256185,dense2,prune_rate_in,js_divergence
SVHN_CINIC,-0.17020605245294626,0.03213035403784316,dense2,prune_rate_in,js_divergence
within_WTs,-0.059635418400680325,0.010914193966493825,dense2,prune_rate_in,js_divergence
within_conditions,-0.054853120768419215,0.013070652740323102,dense2,prune_rate_in,js_divergence
between_WTs_and_RSN,-0.11753359803058126,0.08211530367046939,dense2,prune_rate_in,js_divergence
between_WT_datasets,-0.14357699317646527,0.06651678213408468,dense2,prune_rate_in,js_divergence
CIFAR,-0.006521233864809622,0.004314569917982497,dense2,prune_rate_out,js_divergence
CINIC,-0.0056013050287433246,0.0032012446325914296,dense2,prune_rate_out,js_divergence
SVHN,-0.007807507415157634,0.0034785879606240703,dense2,prune_rate_out,js_divergence
RSN,-0.00487560879652763,0.0029442077924641975,dense2,prune_rate_out,js_divergence
RSN_CIFAR,-0.006117132852411666,0.003881687300134468,dense2,prune_rate_out,js_divergence
RSN_CINIC,-0.010781038015371043,0.003895008263157769,dense2,prune_rate_out,js_divergence
RSN_SVHN,-0.010740894380356079,0.003886789691580153,dense2,prune_rate_out,js_divergence
CIFAR_SVHN,-0.010714535012618058,0.005351544816985398,dense2,prune_rate_out,js_divergence
CINIC_CIFAR,-0.01093181456702709,0.005198014988714458,dense2,prune_rate_out,js_divergence
SVHN_CINIC,-0.006762596668727857,0.003214641934326015,dense2,prune_rate_out,js_divergence
within_WTs,-0.006643348769570194,0.003804387271493741,dense2,prune_rate_out,js_divergence
within_conditions,-0.0062014137763095525,0.0036889065290048035,dense2,prune_rate_out,js_divergence
between_WTs_and_RSN,-0.009213021749379597,0.00446181269672377,dense2,prune_rate_out,js_divergence
between_WT_datasets,-0.009469648749457667,0.005066495046580961,dense2,prune_rate_out,js_divergence
CIFAR,-0.4749842656381902,0.0178618146698343,dense2,sign_rate_in,js_divergence
CINIC,-0.48956622106684416,0.0173740354617092,dense2,sign_rate_in,js_divergence
SVHN,-0.4817357724832605,0.021292288604673755,dense2,sign_rate_in,js_divergence
RSN,-0.4627873044502117,0.021495083570022666,dense2,sign_rate_in,js_divergence
RSN_CIFAR,-0.4917680575580406,0.019267798438590545,dense2,sign_rate_in,js_divergence
RSN_CINIC,-0.5485436353577214,0.022837261714777055,dense2,sign_rate_in,js_divergence
RSN_SVHN,-0.48765749141197856,0.019218455475239014,dense2,sign_rate_in,js_divergence
CIFAR_SVHN,-0.478988541940903,0.017177373961338633,dense2,sign_rate_in,js_divergence
CINIC_CIFAR,-0.5310585990583382,0.018662566958494126,dense2,sign_rate_in,js_divergence
SVHN_CINIC,-0.5261573353109663,0.021194503133936667,dense2,sign_rate_in,js_divergence
within_WTs,-0.4820954197294316,0.019839134867084482,dense2,sign_rate_in,js_divergence
within_conditions,-0.47726839090962664,0.021922676166655008,dense2,sign_rate_in,js_divergence
between_WTs_and_RSN,-0.5093230614425802,0.034534842862068475,dense2,sign_rate_in,js_divergence
between_WT_datasets,-0.5120681587700692,0.030254274145921578,dense2,sign_rate_in,js_divergence
CIFAR,-0.03402157906589872,0.007578443200775188,dense2,sign_rate_out,js_divergence
CINIC,-0.031486970964638844,0.007416660205151782,dense2,sign_rate_out,js_divergence
SVHN,-0.032331883880703204,0.0072805482253805965,dense2,sign_rate_out,js_divergence
RSN,-0.03559149311596244,0.00759775430585107,dense2,sign_rate_out,js_divergence
RSN_CIFAR,-0.040020642099756795,0.008775566946631822,dense2,sign_rate_out,js_divergence
RSN_CINIC,-0.038573435153932606,0.008312719645408632,dense2,sign_rate_out,js_divergence
RSN_SVHN,-0.039365171663592706,0.008407046245327371,dense2,sign_rate_out,js_divergence
CIFAR_SVHN,-0.035885417805225486,0.0075214100091644835,dense2,sign_rate_out,js_divergence
CINIC_CIFAR,-0.0353104226979475,0.007910648424854515,dense2,sign_rate_out,js_divergence
SVHN_CINIC,-0.03169427300105339,0.00701773556463758,dense2,sign_rate_out,js_divergence
within_WTs,-0.032613477970413585,0.007500602072915571,dense2,sign_rate_out,js_divergence
within_conditions,-0.0333579817568008,0.007634697039111855,dense2,sign_rate_out,js_divergence
between_WTs_and_RSN,-0.039319749639094036,0.008521357646555662,dense2,sign_rate_out,js_divergence
between_WT_datasets,-0.034296704501408794,0.007718438178382808,dense2,sign_rate_out,js_divergence
CIFAR,-0.00019059582512715437,9.919340655481696e-05,dense1,prune_rate_in,wasserstein_distance
CINIC,-0.0002914110315552807,0.0001883271070999004,dense1,prune_rate_in,wasserstein_distance
SVHN,-0.00023335859875583655,0.00016925770692215335,dense1,prune_rate_in,wasserstein_distance
RSN,-0.0006619078279421479,0.00023897763177472986,dense1,prune_rate_in,wasserstein_distance
RSN_CIFAR,-0.0028226194893257116,0.00017963855466686556,dense1,prune_rate_in,wasserstein_distance
RSN_CINIC,-0.0029596889019368354,0.0002041605501192767,dense1,prune_rate_in,wasserstein_distance
RSN_SVHN,-0.0028798881052157425,0.00019000955213572518,dense1,prune_rate_in,wasserstein_distance
CIFAR_SVHN,-0.00041904857471030874,0.0001867135561278583,dense1,prune_rate_in,wasserstein_distance
CINIC_CIFAR,-0.0006208906381179179,0.00019410390655097615,dense1,prune_rate_in,wasserstein_distance
SVHN_CINIC,-0.0003573865231400301,0.00016108854413704286,dense1,prune_rate_in,wasserstein_distance
within_WTs,-0.00023845515181275718,0.0001623529259856214,dense1,prune_rate_in,wasserstein_distance
within_conditions,-0.00034431832084510486,0.00026012970462242166,dense1,prune_rate_in,wasserstein_distance
between_WTs_and_RSN,-0.00288739883215943,0.00019961112102973136,dense1,prune_rate_in,wasserstein_distance
between_WT_datasets,-0.0004657752453227522,0.00021329172476319735,dense1,prune_rate_in,wasserstein_distance
CIFAR,-0.0019283373343078542,0.0004295180390202191,dense1,prune_rate_out,wasserstein_distance
CINIC,-0.0019935372435912406,0.00040816861161933123,dense1,prune_rate_out,wasserstein_distance
SVHN,-0.002357263557399097,0.0005878594789209961,dense1,prune_rate_out,wasserstein_distance
RSN,-0.003235870648662125,0.0008929028594239285,dense1,prune_rate_out,wasserstein_distance
RSN_CIFAR,-0.007943173676049476,0.0007651742164601433,dense1,prune_rate_out,wasserstein_distance
RSN_CINIC,-0.009514431655769642,0.0008459929441388244,dense1,prune_rate_out,wasserstein_distance
RSN_SVHN,-0.007253902857804343,0.0010312211593645655,dense1,prune_rate_out,wasserstein_distance
CIFAR_SVHN,-0.002748090220855781,0.0007084762778837482,dense1,prune_rate_out,wasserstein_distance
CINIC_CIFAR,-0.003744014095785088,0.0005522086004178761,dense1,prune_rate_out,wasserstein_distance
SVHN_CINIC,-0.004519625045405186,0.0009054467230798569,dense1,prune_rate_out,wasserstein_distance
within_WTs,-0.002093046045099397,0.0005175287377226298,dense1,prune_rate_out,wasserstein_distance
within_conditions,-0.0023787521959900792,0.000803168655289005,dense1,prune_rate_out,wasserstein_distance
between_WTs_and_RSN,-0.008237169396541153,0.0012973380658494048,dense1,prune_rate_out,wasserstein_distance
between_WT_datasets,-0.0036705764540153514,0.0010334350795888154,dense1,prune_rate_out,wasserstein_distance
CIFAR,-0.00010316026214057652,5.6408946782896175e-05,dense1,sign_rate_in,wasserstein_distance
CINIC,-0.0002474496577306846,0.00015928692999794852,dense1,sign_rate_in,wasserstein_distance
SVHN,-0.00017975528358049234,0.00011899658652934472,dense1,sign_rate_in,wasserstein_distance
RSN,-5.265209008614171e-05,3.048795955484003e-05,dense1,sign_rate_in,wasserstein_distance
RSN_CIFAR,-0.00016060820585503418,6.322943549296186e-05,dense1,sign_rate_in,wasserstein_distance
RSN_CINIC,-0.0007708827291118744,0.00016692409240696564,dense1,sign_rate_in,wasserstein_distance
RSN_SVHN,-0.000554411065439456,0.00012464719482625544,dense1,sign_rate_in,wasserstein_distance
CIFAR_SVHN,-0.0004341962964645925,0.00014412969870586097,dense1,sign_rate_in,wasserstein_distance
CINIC_CIFAR,-0.0006637652963312693,0.0001813561840796887,dense1,sign_rate_in,wasserstein_distance
SVHN_CINIC,-0.0003144806391809263,0.0001663904734747824,dense1,sign_rate_in,wasserstein_distance
within_WTs,-0.00017678840115058453,0.0001330881930373884,dense1,sign_rate_in,wasserstein_distance
within_conditions,-0.0001457543233844738,0.0001280861866568807,dense1,sign_rate_in,wasserstein_distance
between_WTs_and_RSN,-0.0004953006668021215,0.0002821684443882655,dense1,sign_rate_in,wasserstein_distance
between_WT_datasets,-0.000470814077325596,0.0002193630201965405,dense1,sign_rate_in,wasserstein_distance
CIFAR,-0.0002225524414878579,7.901218766054548e-05,dense1,sign_rate_out,wasserstein_distance
CINIC,-0.0003423104385330534,0.00019813737002188792,dense1,sign_rate_out,wasserstein_distance
SVHN,-0.0002793861834242195,0.00016522436511174442,dense1,sign_rate_out,wasserstein_distance
RSN,-0.0001900756326340567,7.876345507186165e-05,dense1,sign_rate_out,wasserstein_distance
RSN_CIFAR,-0.00040374006145692476,0.00011509976212654531,dense1,sign_rate_out,wasserstein_distance
RSN_CINIC,-0.0007133110220949305,0.0001422796634540196,dense1,sign_rate_out,wasserstein_distance
RSN_SVHN,-0.0005627038799541002,0.00014980324057236327,dense1,sign_rate_out,wasserstein_distance
CIFAR_SVHN,-0.0005048020840306765,0.00017270710961119753,dense1,sign_rate_out,wasserstein_distance
CINIC_CIFAR,-0.0006525640270528733,0.00019962985655239,dense1,sign_rate_out,wasserstein_distance
SVHN_CINIC,-0.0004034204133589735,0.00015024761402395383,dense1,sign_rate_out,wasserstein_distance
within_WTs,-0.0002814163544817103,0.00016327645813629243,dense1,sign_rate_out,wasserstein_distance
within_conditions,-0.0002585811740197969,0.00015201861136074124,dense1,sign_rate_out,wasserstein_distance
between_WTs_and_RSN,-0.0005599183211686519,0.00018606557768875237,dense1,sign_rate_out,wasserstein_distance
between_WT_datasets,-0.0005202621748141744,0.00020301803088235916,dense1,sign_rate_out,wasserstein_distance
CIFAR,-0.0025644987663862237,0.0006976817981576149,dense2,prune_rate_in,wasserstein_distance
CINIC,-0.0021469374200289723,0.0005195814417590964,dense2,prune_rate_in,wasserstein_distance
SVHN,-0.002262815857100331,0.0006020988239076225,dense2,prune_rate_in,wasserstein_distance
RSN,-0.002876122966861989,0.0007898110558557125,dense2,prune_rate_in,wasserstein_distance
RSN_CIFAR,-0.004725959878081923,0.0012174449384757733,dense2,prune_rate_in,wasserstein_distance
RSN_CINIC,-0.006125593679879649,0.00105152556491109,dense2,prune_rate_in,wasserstein_distance
RSN_SVHN,-0.005049221062571999,0.0013512591910462082,dense2,prune_rate_in,wasserstein_distance
CIFAR_SVHN,-0.002457455571983381,0.0007419418627441578,dense2,prune_rate_in,wasserstein_distance
CINIC_CIFAR,-0.0036003438691564645,0.0008426138458489858,dense2,prune_rate_in,wasserstein_distance
SVHN_CINIC,-0.003279834347277553,0.0007710516175937178,dense2,prune_rate_in,wasserstein_distance
within_WTs,-0.0023247506811718424,0.0006356572405751493,dense2,prune_rate_in,wasserstein_distance
within_conditions,-0.002462593752594379,0.0007183297353077376,dense2,prune_rate_in,wasserstein_distance
between_WTs_and_RSN,-0.005300258206844524,0.0013525034139874167,dense2,prune_rate_in,wasserstein_distance
between_WT_datasets,-0.0031125445961391334,0.0009219674685266115,dense2,prune_rate_in,wasserstein_distance
CIFAR,-0.014411139455782315,0.005130127995763594,dense2,prune_rate_out,wasserstein_distance
CINIC,-0.013746456916099783,0.004661614980845025,dense2,prune_rate_out,wasserstein_distance
SVHN,-0.012912559910327772,0.0042093245189299255,dense2,prune_rate_out,wasserstein_distance
RSN,-0.013960769203514743,0.005041902906128518,dense2,prune_rate_out,wasserstein_distance
RSN_CIFAR,-0.014639550264550268,0.004917563904714731,dense2,prune_rate_out,wasserstein_distance
RSN_CINIC,-0.019132543816137573,0.004814787531146126,dense2,prune_rate_out,wasserstein_distance
RSN_SVHN,-0.01758742747414623,0.004006245122284752,dense2,prune_rate_out,wasserstein_distance
CIFAR_SVHN,-0.016759529822029825,0.004737257835767825,dense2,prune_rate_out,wasserstein_distance
CINIC_CIFAR,-0.0183478835978836,0.005367925737673322,dense2,prune_rate_out,wasserstein_distance
SVHN_CINIC,-0.013112536262926895,0.004198427520996108,dense2,prune_rate_out,wasserstein_distance
within_WTs,-0.013690052094069958,0.004722108391074566,dense2,prune_rate_out,wasserstein_distance
within_conditions,-0.013757731371431154,0.004805483162518814,dense2,prune_rate_out,wasserstein_distance
between_WTs_and_RSN,-0.017119840518278022,0.0049610504793545975,dense2,prune_rate_out,wasserstein_distance
between_WT_datasets,-0.016073316560946776,0.005269212338200253,dense2,prune_rate_out,wasserstein_distance
CIFAR,-0.00018299105288212663,8.20082330406681e-05,dense2,sign_rate_in,wasserstein_distance
CINIC,-0.00015560001201061891,6.870332008727186e-05,dense2,sign_rate_in,wasserstein_distance
SVHN,-0.00018325777728103463,7.17972159386801e-05,dense2,sign_rate_in,wasserstein_distance
RSN,-0.00020988454630512578,9.11329613627046e-05,dense2,sign_rate_in,wasserstein_distance
RSN_CIFAR,-0.00025392564848738354,9.929573792500618e-05,dense2,sign_rate_in,wasserstein_distance
RSN_CINIC,-0.0002818241387378029,9.945537488196197e-05,dense2,sign_rate_in,wasserstein_distance
RSN_SVHN,-0.00022176269173763388,8.901585718112206e-05,dense2,sign_rate_in,wasserstein_distance
CIFAR_SVHN,-0.00018840209727981794,8.342685732225546e-05,dense2,sign_rate_in,wasserstein_distance
CINIC_CIFAR,-0.00017043074608791753,7.983910170382857e-05,dense2,sign_rate_in,wasserstein_distance
SVHN_CINIC,-0.00020676699288108276,7.886504336452514e-05,dense2,sign_rate_in,wasserstein_distance
within_WTs,-0.0001739496140579267,7.551033948607403e-05,dense2,sign_rate_in,wasserstein_distance
within_conditions,-0.0001829333471197265,8.120828201506104e-05,dense2,sign_rate_in,wasserstein_distance
between_WTs_and_RSN,-0.0002525041596542734,9.913216371138761e-05,dense2,sign_rate_in,wasserstein_distance
between_WT_datasets,-0.0001885332787496061,8.208573765034665e-05,dense2,sign_rate_in,wasserstein_distance
CIFAR,-0.005903130609179493,0.0014680270299006395,dense2,sign_rate_out,wasserstein_distance
CINIC,-0.00542268915788973,0.0011823430640476482,dense2,sign_rate_out,wasserstein_distance
SVHN,-0.0057621081209401626,0.00132986069019935,dense2,sign_rate_out,wasserstein_distance
RSN,-0.005365764729012941,0.001236158651525308,dense2,sign_rate_out,wasserstein_distance
RSN_CIFAR,-0.00689064218065621,0.0018835772655368041,dense2,sign_rate_out,wasserstein_distance
RSN_CINIC,-0.006236183517471145,0.0013535729870349758,dense2,sign_rate_out,wasserstein_distance
RSN_SVHN,-0.006085765266693311,0.0015114887967600287,dense2,sign_rate_out,wasserstein_distance
CIFAR_SVHN,-0.006085835689680351,0.0016041919053817555,dense2,sign_rate_out,wasserstein_distance
CINIC_CIFAR,-0.005726743620372086,0.001540478129442158,dense2,sign_rate_out,wasserstein_distance
SVHN_CINIC,-0.005555739293779497,0.0012687632198158892,dense2,sign_rate_out,wasserstein_distance
within_WTs,-0.005695975962669794,0.0013470387428915966,dense2,sign_rate_out,wasserstein_distance
within_conditions,-0.005613423154255582,0.0013279126411796327,dense2,sign_rate_out,wasserstein_distance
between_WTs_and_RSN,-0.006404196988273555,0.0016361415731409876,dense2,sign_rate_out,wasserstein_distance
between_WT_datasets,-0.005789439534610645,0.0014947309574531455,dense2,sign_rate_out,wasserstein_distance
CIFAR,-0.9217382220975966,0.012020543522563787,dense1,prune_rate_in,hellinger_distance
CINIC,-0.9605773854299196,0.009829564646339016,dense1,prune_rate_in,hellinger_distance
SVHN,-0.9488769229018121,0.010804492414873905,dense1,prune_rate_in,hellinger_distance
RSN,-0.4746681150680933,0.024127151182675704,dense1,prune_rate_in,hellinger_distance
RSN_CIFAR,-0.963102675146058,0.013898040698740337,dense1,prune_rate_in,hellinger_distance
RSN_CINIC,-0.974816785597164,0.009500316971250703,dense1,prune_rate_in,hellinger_distance
RSN_SVHN,-0.9750944611046033,0.008491380806511859,dense1,prune_rate_in,hellinger_distance
CIFAR_SVHN,-0.9466581050457423,0.011498129436288479,dense1,prune_rate_in,hellinger_distance
CINIC_CIFAR,-0.9660733237437498,0.009243843147764904,dense1,prune_rate_in,hellinger_distance
SVHN_CINIC,-0.9596211713222927,0.009912268359786553,dense1,prune_rate_in,hellinger_distance
within_WTs,-0.9437308434764429,0.019594339049950303,dense1,prune_rate_in,hellinger_distance
within_conditions,-0.8264651613743554,0.204174445131497,dense1,prune_rate_in,hellinger_distance
between_WTs_and_RSN,-0.9710046406159418,0.012236764892375842,dense1,prune_rate_in,hellinger_distance
between_WT_datasets,-0.9574508667039282,0.013056918631655536,dense1,prune_rate_in,hellinger_distance
CIFAR,-0.2934323585702483,0.026404820017535784,dense1,prune_rate_out,hellinger_distance
CINIC,-0.31342468714889304,0.028226296115730243,dense1,prune_rate_out,hellinger_distance
SVHN,-0.29285110402385983,0.0234652761032966,dense1,prune_rate_out,hellinger_distance
RSN,-0.21588273091432794,0.019273379239737154,dense1,prune_rate_out,hellinger_distance
RSN_CIFAR,-0.37859572927500584,0.026062173114750974,dense1,prune_rate_out,hellinger_distance
RSN_CINIC,-0.5661463018455488,0.0272238686629119,dense1,prune_rate_out,hellinger_distance
RSN_SVHN,-0.35335750191705295,0.018935300383096113,dense1,prune_rate_out,hellinger_distance
CIFAR_SVHN,-0.31880798220340134,0.03131428289267972,dense1,prune_rate_out,hellinger_distance
CINIC_CIFAR,-0.48704279498719316,0.029687631397891923,dense1,prune_rate_out,hellinger_distance
SVHN_CINIC,-0.4457765139628491,0.029940732099170524,dense1,prune_rate_out,hellinger_distance
within_WTs,-0.29990271658100043,0.027802829326392726,dense1,prune_rate_out,hellinger_distance
within_conditions,-0.27889772016433223,0.044679339734790116,dense1,prune_rate_out,hellinger_distance
between_WTs_and_RSN,-0.43269984434586917,0.09799547792618353,dense1,prune_rate_out,hellinger_distance
between_WT_datasets,-0.4172090970511479,0.0777474743200561,dense1,prune_rate_out,hellinger_distance
CIFAR,-0.9957938390396474,0.0035909039043260076,dense1,sign_rate_in,hellinger_distance
CINIC,-0.9966265052000918,0.0031958826779926886,dense1,sign_rate_in,hellinger_distance
SVHN,-0.9886223864723206,0.006088127423026367,dense1,sign_rate_in,hellinger_distance
RSN,-0.9776059431090446,0.00575138255768083,dense1,sign_rate_in,hellinger_distance
RSN_CIFAR,-0.9957603884632734,0.0033096950646581843,dense1,sign_rate_in,hellinger_distance
RSN_CINIC,-0.9958106103669054,0.003219511567415393,dense1,sign_rate_in,hellinger_distance
RSN_SVHN,-0.9955110025150525,0.0033208324596830886,dense1,sign_rate_in,hellinger_distance
CIFAR_SVHN,-0.9939484106950917,0.00460089238708179,dense1,sign_rate_in,hellinger_distance
CINIC_CIFAR,-0.9959755426087319,0.003574449998022457,dense1,sign_rate_in,hellinger_distance
SVHN_CINIC,-0.9947936649562967,0.004625915210653847,dense1,sign_rate_in,hellinger_distance
within_WTs,-0.9936809102373532,0.0057417538827457485,dense1,sign_rate_in,hellinger_distance
within_conditions,-0.9896621684552761,0.009024758174142786,dense1,sign_rate_in,hellinger_distance
between_WTs_and_RSN,-0.9956940004484106,0.003286272349448597,dense1,sign_rate_in,hellinger_distance
between_WT_datasets,-0.9949058727533734,0.0043748338202444885,dense1,sign_rate_in,hellinger_distance
CIFAR,-0.8854942201311059,0.013225509061012922,dense1,sign_rate_out,hellinger_distance
CINIC,-0.9064216944084544,0.01390900886555762,dense1,sign_rate_out,hellinger_distance
SVHN,-0.8878088072670056,0.014795711211616687,dense1,sign_rate_out,hellinger_distance
RSN,-0.8210520081842643,0.016211787627511205,dense1,sign_rate_out,hellinger_distance
RSN_CIFAR,-0.874710217064669,0.013867792204097158,dense1,sign_rate_out,hellinger_distance
RSN_CINIC,-0.9152124310726016,0.0125840377152371,dense1,sign_rate_out,hellinger_distance
RSN_SVHN,-0.8752802406964664,0.015626063626209642,dense1,sign_rate_out,hellinger_distance
CIFAR_SVHN,-0.8882482812670491,0.014327400927561624,dense1,sign_rate_out,hellinger_distance
CINIC_CIFAR,-0.9146089226811766,0.012473511854520176,dense1,sign_rate_out,hellinger_distance
SVHN_CINIC,-0.9092251619811466,0.013972715223843088,dense1,sign_rate_out,hellinger_distance
within_WTs,-0.8932415739355221,0.016837851289371934,dense1,sign_rate_out,hellinger_distance
within_conditions,-0.8751941824977075,0.03543254795638082,dense1,sign_rate_out,hellinger_distance
between_WTs_and_RSN,-0.8884009629445789,0.023617029368129316,dense1,sign_rate_out,hellinger_distance
between_WT_datasets,-0.9040274553097909,0.017739462843190907,dense1,sign_rate_out,hellinger_distance
CIFAR,-0.27044865902809684,0.02163184432265411,dense2,prune_rate_in,hellinger_distance
CINIC,-0.2780179305835542,0.02568330294642271,dense2,prune_rate_in,hellinger_distance
SVHN,-0.25368960113237526,0.02398330117981203,dense2,prune_rate_in,hellinger_distance
RSN,-0.21609369077890975,0.019693453963545795,dense2,prune_rate_in,hellinger_distance
RSN_CIFAR,-0.27337425096095647,0.027251553186308074,dense2,prune_rate_in,hellinger_distance
RSN_CINIC,-0.5369743679305853,0.04160108415856091,dense2,prune_rate_in,hellinger_distance
RSN_SVHN,-0.2687550445340446,0.027257945451491256,dense2,prune_rate_in,hellinger_distance
CIFAR_SVHN,-0.26583866535135436,0.021895375149625966,dense2,prune_rate_in,hellinger_distance
CINIC_CIFAR,-0.499187235899687,0.04247984589033005,dense2,prune_rate_in,hellinger_distance
SVHN_CINIC,-0.45658450634495257,0.04600685879509715,dense2,prune_rate_in,hellinger_distance
within_WTs,-0.2673853969146754,0.02590223055790547,dense2,prune_rate_in,hellinger_distance
within_conditions,-0.25456247038073404,0.03306712155365689,dense2,prune_rate_in,hellinger_distance
between_WTs_and_RSN,-0.3597012211418621,0.12957059123252956,dense2,prune_rate_in,hellinger_distance
between_WT_datasets,-0.40720346919866457,0.10844980981839904,dense2,prune_rate_in,hellinger_distance
CIFAR,-0.07943452761995008,0.027860762198302177,dense2,prune_rate_out,hellinger_distance
CINIC,-0.07647038169635315,0.02458212469799211,dense2,prune_rate_out,hellinger_distance
SVHN,-0.09120922210252616,0.02154638502424667,dense2,prune_rate_out,hellinger_distance
RSN,-0.06938897510023062,0.024231850642257892,dense2,prune_rate_out,hellinger_distance
RSN_CIFAR,-0.07752900877392276,0.026800641972052078,dense2,prune_rate_out,hellinger_distance
RSN_CINIC,-0.10705099486179216,0.02142910877582086,dense2,prune_rate_out,hellinger_distance
RSN_SVHN,-0.10723596098200905,0.021304608572169943,dense2,prune_rate_out,hellinger_distance
CIFAR_SVHN,-0.1045797348853544,0.02612555389319568,dense2,prune_rate_out,hellinger_distance
CINIC_CIFAR,-0.10520503178070473,0.025441662753215903,dense2,prune_rate_out,hellinger_distance
SVHN_CINIC,-0.08475060015210614,0.021892961780899375,dense2,prune_rate_out,hellinger_distance
within_WTs,-0.08237137713960979,0.025601458086484487,dense2,prune_rate_out,hellinger_distance
within_conditions,-0.07912577662976499,0.025883844507939777,dense2,prune_rate_out,hellinger_distance
between_WTs_and_RSN,-0.097271988205908,0.02717880559654257,dense2,prune_rate_out,hellinger_distance
between_WT_datasets,-0.0981784556060551,0.026329837299512843,dense2,prune_rate_out,hellinger_distance
CIFAR,-0.8248907221645855,0.015991792293327273,dense2,sign_rate_in,hellinger_distance
CINIC,-0.8380448028334421,0.01512246001612073,dense2,sign_rate_in,hellinger_distance
SVHN,-0.8303114609126951,0.018767922270975384,dense2,sign_rate_in,hellinger_distance
RSN,-0.8137371324216242,0.019349637776213367,dense2,sign_rate_in,hellinger_distance
RSN_CIFAR,-0.8395692309687525,0.016898457253927905,dense2,sign_rate_in,hellinger_distance
RSN_CINIC,-0.8877946917865703,0.018839648397203545,dense2,sign_rate_in,hellinger_distance
RSN_SVHN,-0.8357818557592204,0.016861835841377012,dense2,sign_rate_in,hellinger_distance
CIFAR_SVHN,-0.8282312963220665,0.0151680294097198,dense2,sign_rate_in,hellinger_distance
CINIC_CIFAR,-0.8733697925267063,0.015695866849331372,dense2,sign_rate_in,hellinger_distance
SVHN_CINIC,-0.8690432154627439,0.017772523450067457,dense2,sign_rate_in,hellinger_distance
within_WTs,-0.8310823286369077,0.017550568829862338,dense2,sign_rate_in,hellinger_distance
within_conditions,-0.8267460295830866,0.019519975375470403,dense2,sign_rate_in,hellinger_distance
between_WTs_and_RSN,-0.8543819261715144,0.02947656233797464,dense2,sign_rate_in,hellinger_distance
between_WT_datasets,-0.8568814347705056,0.026031373547615942,dense2,sign_rate_in,hellinger_distance
CIFAR,-0.19942148809136356,0.021665651189387826,dense2,sign_rate_out,hellinger_distance
CINIC,-0.19162041831177554,0.02556849812719616,dense2,sign_rate_out,hellinger_distance
SVHN,-0.19343397657393863,0.022035167139215318,dense2,sign_rate_out,hellinger_distance
RSN,-0.2023326704603314,0.023034145231180816,dense2,sign_rate_out,hellinger_distance
RSN_CIFAR,-0.21528039986484043,0.02460638897161538,dense2,sign_rate_out,hellinger_distance
RSN_CINIC,-0.211512550232733,0.02427834854149778,dense2,sign_rate_out,hellinger_distance
RSN_SVHN,-0.21450687239625793,0.023277037157050443,dense2,sign_rate_out,hellinger_distance
CIFAR_SVHN,-0.2044939047995526,0.02116529292080219,dense2,sign_rate_out,hellinger_distance
CINIC_CIFAR,-0.2024001137704759,0.02396344937677644,dense2,sign_rate_out,hellinger_distance
SVHN_CINIC,-0.192334338573635,0.02223133978476932,dense2,sign_rate_out,hellinger_distance
within_WTs,-0.1948252943256926,0.02339536365234452,dense2,sign_rate_out,hellinger_distance
within_conditions,-0.1967021383593523,0.02353121060489487,dense2,sign_rate_out,hellinger_distance
between_WTs_and_RSN,-0.21376660749794374,0.024115371159906772,dense2,sign_rate_out,hellinger_distance
between_WT_datasets,-0.1997427857145545,0.02310100007271671,dense2,sign_rate_out,hellinger_distance
CIFAR,-0.01298675602433051,0.003064253125804219,dense1,prune_rate_in,total_variation
CINIC,-0.011612746640889229,0.0037155195379580752,dense1,prune_rate_in,total_variation
SVHN,-0.012068745162482075,0.002107108996074662,dense1,prune_rate_in,total_variation
RSN,-0.024069940476190477,0.0031950759752356977,dense1,prune_rate_in,total_variation
RSN_CIFAR,-0.027826803129751696,0.002952806398287987,dense1,prune_rate_in,total_variation
RSN_CINIC,-0.027957763176552398,0.0029066481153496217,dense1,prune_rate_in,total_variation
RSN_SVHN,-0.027945500477142064,0.0028963550265993236,dense1,prune_rate_in,total_variation
CIFAR_SVHN,-0.012762063339231926,0.0025783165252697324,dense1,prune_rate_in,total_variation
CINIC_CIFAR,-0.012874681835256842,0.0032178428745963114,dense1,prune_rate_in,total_variation
SVHN_CINIC,-0.011980711017405837,0.0029675502998993174,dense1,prune_rate_in,total_variation
within_WTs,-0.012222749275900604,0.003088374317263856,dense1,prune_rate_in,total_variation
within_conditions,-0.015184547075973075,0.006001867058680628,dense1,prune_rate_in,total_variation
between_WTs_and_RSN,-0.027910022261148717,0.0029193038356765395,dense1,prune_rate_in,total_variation
between_WT_datasets,-0.01253915206396487,0.0029598823016604415,dense1,prune_rate_in,total_variation
CIFAR,-0.03458484936490639,0.007409646432121879,dense1,prune_rate_out,total_variation
CINIC,-0.0313727912481474,0.0055311595803804285,dense1,prune_rate_out,total_variation
SVHN,-0.035085911879870244,0.00563656602115167,dense1,prune_rate_out,total_variation
RSN,-0.040290178571428574,0.00825239043007383,dense1,prune_rate_out,total_variation
RSN_CIFAR,-0.051279390344038105,0.00973066855813455,dense1,prune_rate_out,total_variation
RSN_CINIC,-0.05858147928821926,0.00922953411146014,dense1,prune_rate_out,total_variation
RSN_SVHN,-0.04868879290374767,0.00902455694021038,dense1,prune_rate_out,total_variation
CIFAR_SVHN,-0.03752211510267281,0.006873895187231569,dense1,prune_rate_out,total_variation
CINIC_CIFAR,-0.04350424980647693,0.007818883718329615,dense1,prune_rate_out,total_variation
SVHN_CINIC,-0.03929213942970966,0.005783948961606997,dense1,prune_rate_out,total_variation
within_WTs,-0.033681184164308015,0.006464931339375383,dense1,prune_rate_out,total_variation
within_conditions,-0.035333432766088156,0.007520755693145159,dense1,prune_rate_out,total_variation
between_WTs_and_RSN,-0.052849887512001675,0.010229779281630033,dense1,prune_rate_out,total_variation
between_WT_datasets,-0.04010616811295314,0.007319525829114511,dense1,prune_rate_out,total_variation
CIFAR,-0.011158710705000241,0.004036834014536081,dense1,sign_rate_in,total_variation
CINIC,-0.010312094078690224,0.003626499051450443,dense1,sign_rate_in,total_variation
SVHN,-0.015513581942882939,0.008641261902107174,dense1,sign_rate_in,total_variation
RSN,-0.008816964285714286,0.0021583794202917096,dense1,sign_rate_in,total_variation
RSN_CIFAR,-0.01197603456482392,0.004232684874040338,dense1,sign_rate_in,total_variation
RSN_CINIC,-0.011392272570239276,0.0034996048691028118,dense1,sign_rate_in,total_variation
RSN_SVHN,-0.019977454774470268,0.010168854466278469,dense1,sign_rate_in,total_variation
CIFAR_SVHN,-0.01684693527150952,0.009989938046027824,dense1,sign_rate_in,total_variation
CINIC_CIFAR,-0.010557327195592927,0.003934022040982833,dense1,sign_rate_in,total_variation
SVHN_CINIC,-0.01746395627783021,0.010244317916371433,dense1,sign_rate_in,total_variation
within_WTs,-0.0123281289088578,0.006316591324858621,dense1,sign_rate_in,total_variation
within_conditions,-0.011450337753071924,0.005779333598605622,dense1,sign_rate_in,total_variation
between_WTs_and_RSN,-0.014448587303177824,0.0077371702179578955,dense1,sign_rate_in,total_variation
between_WT_datasets,-0.014956072914977551,0.009118392483892634,dense1,sign_rate_in,total_variation
CIFAR,-0.018870104970051642,0.005827497861767055,dense1,sign_rate_out,total_variation
CINIC,-0.0155481422646197,0.0037700866052891653,dense1,sign_rate_out,total_variation
SVHN,-0.016783929367648123,0.00513736236502307,dense1,sign_rate_out,total_variation
RSN,-0.01875,0.00625,dense1,sign_rate_out,total_variation
RSN_CIFAR,-0.0187076582007691,0.005942946985372617,dense1,sign_rate_out,total_variation
RSN_CINIC,-0.0183754833007911,0.0061099459914836516,dense1,sign_rate_out,total_variation
RSN_SVHN,-0.018609050591754495,0.006417628542003908,dense1,sign_rate_out,total_variation
CIFAR_SVHN,-0.018002415702004552,0.005961647134365004,dense1,sign_rate_out,total_variation
CINIC_CIFAR,-0.017836140003895714,0.005539853906746051,dense1,sign_rate_out,total_variation
SVHN_CINIC,-0.016076058575525198,0.0043534158704449,dense1,sign_rate_out,total_variation
within_WTs,-0.01706739220077316,0.00517055836071312,dense1,sign_rate_out,total_variation
within_conditions,-0.017488044150579866,0.005508854192096921,dense1,sign_rate_out,total_variation
between_WTs_and_RSN,-0.018564064031104898,0.006161553396154419,dense1,sign_rate_out,total_variation
between_WT_datasets,-0.017304871427141818,0.005399451914906164,dense1,sign_rate_out,total_variation
CIFAR,-0.04017857142857143,0.008081569726169885,dense2,prune_rate_in,total_variation
CINIC,-0.03411458333333333,0.005762887774027163,dense2,prune_rate_in,total_variation
SVHN,-0.034523809523809526,0.005957726394447782,dense2,prune_rate_in,total_variation
RSN,-0.03939732142857143,0.007413828770383399,dense2,prune_rate_in,total_variation
RSN_CIFAR,-0.041875,0.00794744565008853,dense2,prune_rate_in,total_variation
RSN_CINIC,-0.06065972222222222,0.00789909569318297,dense2,prune_rate_in,total_variation
RSN_SVHN,-0.04052083333333333,0.00815499271918743,dense2,prune_rate_in,total_variation
CIFAR_SVHN,-0.037274305555555554,0.0076362448075479135,dense2,prune_rate_in,total_variation
CINIC_CIFAR,-0.054704861111111114,0.007002233508863749,dense2,prune_rate_in,total_variation
SVHN_CINIC,-0.05057291666666667,0.007185612674914289,dense2,prune_rate_in,total_variation
within_WTs,-0.03627232142857143,0.007233926208206092,dense2,prune_rate_in,total_variation
within_conditions,-0.03705357142857143,0.007404021558313386,dense2,prune_rate_in,total_variation
between_WTs_and_RSN,-0.047685185185185185,0.01218587039771742,dense2,prune_rate_in,total_variation
between_WT_datasets,-0.047517361111111114,0.010406621313769897,dense2,prune_rate_in,total_variation
CIFAR,-0.05438988095238095,0.02410806141695028,dense2,prune_rate_out,total_variation
CINIC,-0.04538690476190476,0.019774386589046764,dense2,prune_rate_out,total_variation
SVHN,-0.058854166666666666,0.02212512891182963,dense2,prune_rate_out,total_variation
RSN,-0.04587053571428571,0.020803284026218314,dense2,prune_rate_out,total_variation
RSN_CIFAR,-0.05171875,0.02345346678354112,dense2,prune_rate_out,total_variation
RSN_CINIC,-0.06618055555555556,0.02061777955355852,dense2,prune_rate_out,total_variation
RSN_SVHN,-0.07157986111111111,0.02271650804270588,dense2,prune_rate_out,total_variation
CIFAR_SVHN,-0.07491319444444444,0.025193060015711605,dense2,prune_rate_out,total_variation
CINIC_CIFAR,-0.07625,0.023924568598804218,dense2,prune_rate_out,total_variation
SVHN_CINIC,-0.05262152777777778,0.02102138794096399,dense2,prune_rate_out,total_variation
within_WTs,-0.052876984126984126,0.022773253145109855,dense2,prune_rate_out,total_variation
within_conditions,-0.051125372023809526,0.02250254175770557,dense2,prune_rate_out,total_variation
between_WTs_and_RSN,-0.06315972222222223,0.023819583636619544,dense2,prune_rate_out,total_variation
between_WT_datasets,-0.06792824074074075,0.025828348274077536,dense2,prune_rate_out,total_variation
CIFAR,-0.01558779761904762,0.003073195897033242,dense2,sign_rate_in,total_variation
CINIC,-0.015550595238095238,0.003924101781873291,dense2,sign_rate_in,total_variation
SVHN,-0.019382440476190477,0.006579038858602718,dense2,sign_rate_in,total_variation
RSN,-0.017299107142857144,0.006190592446825027,dense2,sign_rate_in,total_variation
RSN_CIFAR,-0.01630208333333333,0.0046163582929500705,dense2,sign_rate_in,total_variation
RSN_CINIC,-0.016527777777777777,0.00518210990980353,dense2,sign_rate_in,total_variation
RSN_SVHN,-0.018246527777777778,0.006182700938510752,dense2,sign_rate_in,total_variation
CIFAR_SVHN,-0.017569444444444443,0.004983757859255539,dense2,sign_rate_in,total_variation
CINIC_CIFAR,-0.015833333333333335,0.0034288084563818314,dense2,sign_rate_in,total_variation
SVHN_CINIC,-0.017673611111111112,0.005222088318318735,dense2,sign_rate_in,total_variation
within_WTs,-0.016840277777777777,0.005093179717538062,dense2,sign_rate_in,total_variation
within_conditions,-0.016954985119047618,0.0053921880307952145,dense2,sign_rate_in,total_variation
between_WTs_and_RSN,-0.017025462962962964,0.005436076581976172,dense2,sign_rate_in,total_variation
between_WT_datasets,-0.017025462962962964,0.004690485446182568,dense2,sign_rate_in,total_variation
CIFAR,-0.041629464285714284,0.011254811659983507,dense2,sign_rate_out,total_variation
CINIC,-0.040625,0.01181876959468044,dense2,sign_rate_out,total_variation
SVHN,-0.04639136904761905,0.012651325905155029,dense2,sign_rate_out,total_variation
RSN,-0.046688988095238096,0.013351975468133695,dense2,sign_rate_out,total_variation
RSN_CIFAR,-0.0509375,0.016096699433079096,dense2,sign_rate_out,total_variation
RSN_CINIC,-0.05,0.015384432799731177,dense2,sign_rate_out,total_variation
RSN_SVHN,-0.05286458333333333,0.01661776680577481,dense2,sign_rate_out,total_variation
CIFAR_SVHN,-0.044947916666666664,0.011670153868713319,dense2,sign_rate_out,total_variation
CINIC_CIFAR,-0.04293402777777778,0.011470111791354643,dense2,sign_rate_out,total_variation
SVHN_CINIC,-0.04262152777777778,0.012549333589236945,dense2,sign_rate_out,total_variation
within_WTs,-0.042881944444444445,0.012184535461135135,dense2,sign_rate_out,total_variation
within_conditions,-0.04383370535714286,0.012594980628527272,dense2,sign_rate_out,total_variation
between_WTs_and_RSN,-0.05126736111111111,0.016085198270306206,dense2,sign_rate_out,total_variation
between_WT_datasets,-0.043501157407407405,0.011950316955572719,dense2,sign_rate_out,total_variation
CIFAR,-0.8521342032344905,0.021752382193992066,dense1,prune_rate_in,chi2_distance
CINIC,-0.9232912547861517,0.018732422997820325,dense1,prune_rate_in,chi2_distance
SVHN,-0.9017717160893018,0.020022510521198807,dense1,prune_rate_in,chi2_distance
RSN,-0.2738452110885147,0.025699160595975698,dense1,prune_rate_in,chi2_distance
RSN_CIFAR,-0.9345935232289313,0.024018961114324583,dense1,prune_rate_in,chi2_distance
RSN_CINIC,-0.9543977948836242,0.016722386914927244,dense1,prune_rate_in,chi2_distance
RSN_SVHN,-0.955417459933166,0.014664137001079396,dense1,prune_rate_in,chi2_distance
CIFAR_SVHN,-0.897722070638741,0.021277426990048327,dense1,prune_rate_in,chi2_distance
CINIC_CIFAR,-0.934111112766932,0.017590961717805397,dense1,prune_rate_in,chi2_distance
SVHN_CINIC,-0.9216345757326007,0.018844121214476203,dense1,prune_rate_in,chi2_distance
within_WTs,-0.8923990580366481,0.03600186940181083,dense1,prune_rate_in,chi2_distance
within_conditions,-0.7377605962996147,0.2699562449904447,dense1,prune_rate_in,chi2_distance
between_WTs_and_RSN,-0.9481362593485738,0.021191303577540375,dense1,prune_rate_in,chi2_distance
between_WT_datasets,-0.9178225863794244,0.02450271975085439,dense1,prune_rate_in,chi2_distance
CIFAR,-0.12497371073551583,0.020357465905707948,dense1,prune_rate_out,chi2_distance
CINIC,-0.14142420986819587,0.022421327001323134,dense1,prune_rate_out,chi2_distance
SVHN,-0.1246870569910317,0.018355891354571482,dense1,prune_rate_out,chi2_distance
RSN,-0.07184213901279862,0.011549915746313694,dense1,prune_rate_out,chi2_distance
RSN_CIFAR,-0.19257382056024572,0.024651094792239023,dense1,prune_rate_out,chi2_distance
RSN_CINIC,-0.3882485049167605,0.034407550787495876,dense1,prune_rate_out,chi2_distance
RSN_SVHN,-0.17059298476789758,0.01724251207037434,dense1,prune_rate_out,chi2_distance
CIFAR_SVHN,-0.1478578463060391,0.027233420349741074,dense1,prune_rate_out,chi2_distance
CINIC_CIFAR,-0.30204478438946614,0.03287223915074372,dense1,prune_rate_out,chi2_distance
SVHN_CINIC,-0.25411373976122675,0.030896004911886942,dense1,prune_rate_out,chi2_distance
within_WTs,-0.1303616591982478,0.02189133920218619,dense1,prune_rate_out,chi2_distance
within_conditions,-0.11573177915188551,0.03216944758615642,dense1,prune_rate_out,chi2_distance
between_WTs_and_RSN,-0.2504717700816346,0.10133127488910658,dense1,prune_rate_out,chi2_distance
between_WT_datasets,-0.2346721234855773,0.07125208070208756,dense1,prune_rate_out,chi2_distance
CIFAR,-0.9918885371191168,0.006859582782304167,dense1,sign_rate_in,chi2_distance
CINIC,-0.9935086587886804,0.006076890977398177,dense1,sign_rate_in,chi2_distance
SVHN,-0.9786142120770961,0.011667386547753794,dense1,sign_rate_in,chi2_distance
RSN,-0.9564675453514737,0.0113295684065227,dense1,sign_rate_in,chi2_distance
RSN_CIFAR,-0.9918403261276646,0.006345448513920084,dense1,sign_rate_in,chi2_distance
RSN_CINIC,-0.9920345501421591,0.00620209369528023,dense1,sign_rate_in,chi2_distance
RSN_SVHN,-0.9914278527199561,0.006338305320060038,dense1,sign_rate_in,chi2_distance
CIFAR_SVHN,-0.9886820261853982,0.008581578737903276,dense1,sign_rate_in,chi2_distance
CINIC_CIFAR,-0.9922232570342506,0.0068248463469185155,dense1,sign_rate_in,chi2_distance
SVHN_CINIC,-0.9901794718532326,0.008631987994660516,dense1,sign_rate_in,chi2_distance
within_WTs,-0.988003802661631,0.01085770698448884,dense1,sign_rate_in,chi2_distance
within_conditions,-0.9801197383340918,0.01752091726344871,dense1,sign_rate_in,chi2_distance
between_WTs_and_RSN,-0.9917675763299266,0.0063007083479771535,dense1,sign_rate_in,chi2_distance
between_WT_datasets,-0.9903615850242938,0.008186434791916167,dense1,sign_rate_in,chi2_distance
CIFAR,-0.7902025077137776,0.023019518858520584,dense1,sign_rate_out,chi2_distance
CINIC,-0.8252821775069888,0.024828934016127846,dense1,sign_rate_out,chi2_distance
SVHN,-0.7936859734576597,0.0254919547050525,dense1,sign_rate_out,chi2_distance
RSN,-0.6845618000441727,0.025726034901384545,dense1,sign_rate_out,chi2_distance
RSN_CIFAR,-0.7720031245559865,0.023688092497537314,dense1,sign_rate_out,chi2_distance
RSN_CINIC,-0.8421341607915939,0.022365862675102495,dense1,sign_rate_out,chi2_distance
RSN_SVHN,-0.7731299009742477,0.02679984020492352,dense1,sign_rate_out,chi2_distance
CIFAR_SVHN,-0.7949065599297755,0.024870489403805058,dense1,sign_rate_out,chi2_distance
CINIC_CIFAR,-0.8408865636540577,0.022306002872491997,dense1,sign_rate_out,chi2_distance
SVHN_CINIC,-0.8308608700277972,0.025007049539157885,dense1,sign_rate_out,chi2_distance
within_WTs,-0.8030568862261419,0.029116012737046663,dense1,sign_rate_out,chi2_distance
within_conditions,-0.7734331146806498,0.05860006303711011,dense1,sign_rate_out,chi2_distance
between_WTs_and_RSN,-0.7957557287739426,0.0408520183979326,dense1,sign_rate_out,chi2_distance
between_WT_datasets,-0.8222179978705435,0.03114793071735127,dense1,sign_rate_out,chi2_distance
CIFAR,-0.10577803199139224,0.016580955780112604,dense2,prune_rate_in,chi2_distance
CINIC,-0.10686135586240557,0.01809963828395273,dense2,prune_rate_in,chi2_distance
SVHN,-0.09295967343676327,0.01617704055320734,dense2,prune_rate_in,chi2_distance
RSN,-0.07160629308399774,0.012472923098118847,dense2,prune_rate_in,chi2_distance
RSN_CIFAR,-0.10740270280211174,0.01953733947644893,dense2,prune_rate_in,chi2_distance
RSN_CINIC,-0.3718314839601766,0.050360737014754506,dense2,prune_rate_in,chi2_distance
RSN_SVHN,-0.10255987095339308,0.018831040013922815,dense2,prune_rate_in,chi2_distance
CIFAR_SVHN,-0.10176527815275595,0.016592099345985475,dense2,prune_rate_in,chi2_distance
CINIC_CIFAR,-0.32973466024419573,0.04965458880434981,dense2,prune_rate_in,chi2_distance
SVHN_CINIC,-0.2812843501936262,0.05073875943840575,dense2,prune_rate_in,chi2_distance
within_WTs,-0.10186635376352035,0.018108946855273943,dense2,prune_rate_in,chi2_distance
within_conditions,-0.0943013385936397,0.02136661609543781,dense2,prune_rate_in,chi2_distance
between_WTs_and_RSN,-0.19393135257189384,0.1300729681968332,dense2,prune_rate_in,chi2_distance
between_WT_datasets,-0.23759476286352596,0.10671377184876783,dense2,prune_rate_in,chi2_distance
CIFAR,-0.012210514669528202,0.008111452286237372,dense2,prune_rate_out,chi2_distance
CINIC,-0.010060843055034503,0.005359962657769325,dense2,prune_rate_out,chi2_distance
SVHN,-0.014260567644091707,0.006412357439342339,dense2,prune_rate_out,chi2_distance
RSN,-0.009003343779651347,0.005260594186039434,dense2,prune_rate_out,chi2_distance
RSN_CIFAR,-0.01135704249679107,0.007036539001581247,dense2,prune_rate_out,chi2_distance
RSN_CINIC,-0.019835591610416835,0.00697360580559411,dense2,prune_rate_out,chi2_distance
RSN_SVHN,-0.019719622220399365,0.006946392818192842,dense2,prune_rate_out,chi2_distance
CIFAR_SVHN,-0.02006936021259512,0.01010528828991224,dense2,prune_rate_out,chi2_distance
CINIC_CIFAR,-0.0206257318828327,0.009899395631737489,dense2,prune_rate_out,chi2_distance
SVHN_CINIC,-0.012292602479425499,0.005704014429063098,dense2,prune_rate_out,chi2_distance
within_WTs,-0.012177308456218137,0.006939348747189119,dense2,prune_rate_out,chi2_distance
within_conditions,-0.011383817287076438,0.006702482247675255,dense2,prune_rate_out,chi2_distance
between_WTs_and_RSN,-0.016970752109202424,0.008034794336834036,dense2,prune_rate_out,chi2_distance
between_WT_datasets,-0.017662564858284435,0.009592708768401877,dense2,prune_rate_out,chi2_distance
CIFAR,-0.6905492770753406,0.025059638059594703,dense2,sign_rate_in,chi2_distance
CINIC,-0.7106759286662054,0.02472801325682038,dense2,sign_rate_in,chi2_distance
SVHN,-0.700985102378702,0.030203606327446435,dense2,sign_rate_in,chi2_distance
RSN,-0.6735826672255951,0.03054985215745612,dense2,sign_rate_in,chi2_distance
RSN_CIFAR,-0.7144619784686501,0.027262374303570737,dense2,sign_rate_in,chi2_distance
RSN_CINIC,-0.7946898013334216,0.03235708254296429,dense2,sign_rate_in,chi2_distance
RSN_SVHN,-0.7089911368296726,0.027265192908191082,dense2,sign_rate_in,chi2_distance
CIFAR_SVHN,-0.6966223526688607,0.024420319726068635,dense2,sign_rate_in,chi2_distance
CINIC_CIFAR,-0.769801106075882,0.02636419008217638,dense2,sign_rate_in,chi2_distance
SVHN_CINIC,-0.7631701373049837,0.030198256898156195,dense2,sign_rate_in,chi2_distance
within_WTs,-0.700736769373416,0.02801399347078191,dense2,sign_rate_in,chi2_distance
within_conditions,-0.6939482438364607,0.030986504743904957,dense2,sign_rate_in,chi2_distance
between_WTs_and_RSN,-0.7393809722105814,0.04877558648275364,dense2,sign_rate_in,chi2_distance
between_WT_datasets,-0.743197865349909,0.04273663416622635,dense2,sign_rate_in,chi2_distance
CIFAR,-0.05926808431442043,0.013303111857057718,dense2,sign_rate_out,chi2_distance
CINIC,-0.05485596430040764,0.0123111452042945,dense2,sign_rate_out,chi2_distance
SVHN,-0.05682261533480156,0.012880310019942562,dense2,sign_rate_out,chi2_distance
RSN,-0.0626562668683552,0.01301265288114894,dense2,sign_rate_out,chi2_distance
RSN_CIFAR,-0.0701117913942896,0.01506176846663463,dense2,sign_rate_out,chi2_distance
RSN_CINIC,-0.06749276754540917,0.014155872856375954,dense2,sign_rate_out,chi2_distance
RSN_SVHN,-0.06851803070830974,0.01474843483746536,dense2,sign_rate_out,chi2_distance
CIFAR_SVHN,-0.06272440215182433,0.01343838353189797,dense2,sign_rate_out,chi2_distance
CINIC_CIFAR,-0.06179915169794432,0.013446768280720015,dense2,sign_rate_out,chi2_distance
SVHN_CINIC,-0.055314190519945725,0.01212900157411015,dense2,sign_rate_out,chi2_distance
within_WTs,-0.05698222131654323,0.012964195310489883,dense2,sign_rate_out,chi2_distance
within_conditions,-0.058400732704496215,0.01320687614316767,dense2,sign_rate_out,chi2_distance
between_WTs_and_RSN,-0.0687075298826695,0.014699721581144314,dense2,sign_rate_out,chi2_distance
between_WT_datasets,-0.059945914789904776,0.013430385413942586,dense2,sign_rate_out,chi2_distance
CIFAR,-0.7111709453283254,0.03409450580688883,dense1,prune_rate_in,histogram_correlation
CINIC,-0.8507777255378319,0.03417431664499341,dense1,prune_rate_in,histogram_correlation
SVHN,-0.7952796964567982,0.031297800281359846,dense1,prune_rate_in,histogram_correlation
RSN,0.261142674029096,0.06753776772830866,dense1,prune_rate_in,histogram_correlation
RSN_CIFAR,-0.6446539912497562,0.03760611230233853,dense1,prune_rate_in,histogram_correlation
RSN_CINIC,-0.6946712182192588,0.033844987502601356,dense1,prune_rate_in,histogram_correlation
RSN_SVHN,-0.6791395108737114,0.02438554802985036,dense1,prune_rate_in,histogram_correlation
CIFAR_SVHN,-0.776178926615421,0.0310385933124374,dense1,prune_rate_in,histogram_correlation
CINIC_CIFAR,-0.8272362088279361,0.03609221078717962,dense1,prune_rate_in,histogram_correlation
SVHN_CINIC,-0.8343667797973072,0.031025434405501245,dense1,prune_rate_in,histogram_correlation
within_WTs,-0.785742789107652,0.06631070046815517,dense1,prune_rate_in,histogram_correlation
within_conditions,-0.5240214233234649,0.4581837941139826,dense1,prune_rate_in,histogram_correlation
between_WTs_and_RSN,-0.6728215734475754,0.038579328709831544,dense1,prune_rate_in,histogram_correlation
between_WT_datasets,-0.8125939717468882,0.04180560298746233,dense1,prune_rate_in,histogram_correlation
CIFAR,0.6091755225907274,0.06725269693093731,dense1,prune_rate_out,histogram_correlation
CINIC,0.4701363502360084,0.0906366342383639,dense1,prune_rate_out,histogram_correlation
SVHN,0.6146360940239154,0.07561182871251834,dense1,prune_rate_out,histogram_correlation
RSN,0.7870475794371954,0.04387806187000571,dense1,prune_rate_out,histogram_correlation
RSN_CIFAR,0.6242995648734364,0.07066313184151313,dense1,prune_rate_out,histogram_correlation
RSN_CINIC,0.20835916511638908,0.10294450177627602,dense1,prune_rate_out,histogram_correlation
RSN_SVHN,0.6326868498558759,0.0646761414340304,dense1,prune_rate_out,histogram_correlation
CIFAR_SVHN,0.5358007429472091,0.08976325068193172,dense1,prune_rate_out,histogram_correlation
CINIC_CIFAR,0.14252297076060952,0.10457325879438058,dense1,prune_rate_out,histogram_correlation
SVHN_CINIC,0.3131760050873466,0.10271298048414708,dense1,prune_rate_out,histogram_correlation
within_WTs,0.5646493222835504,0.1030679955173159,dense1,prune_rate_out,histogram_correlation
within_conditions,0.6202488865719616,0.13312593474045029,dense1,prune_rate_out,histogram_correlation
between_WTs_and_RSN,0.48844852661523375,0.21407483179980585,dense1,prune_rate_out,histogram_correlation
between_WT_datasets,0.3304999062650551,0.18914442750083033,dense1,prune_rate_out,histogram_correlation
CIFAR,-0.9554799978667051,0.04102937671570773,dense1,sign_rate_in,histogram_correlation
CINIC,-0.9704044533161069,0.03007496889005001,dense1,sign_rate_in,histogram_correlation
SVHN,-0.7619163757634599,0.175204341336517,dense1,sign_rate_in,histogram_correlation
RSN,-0.8486295779504,0.05835382447545987,dense1,sign_rate_in,histogram_correlation
RSN_CIFAR,-0.9327370607344145,0.04211810343719505,dense1,sign_rate_in,histogram_correlation
RSN_CINIC,-0.9364025269565601,0.04088882319624426,dense1,sign_rate_in,histogram_correlation
RSN_SVHN,-0.8909680507968467,0.07112943415324426,dense1,sign_rate_in,histogram_correlation
CIFAR_SVHN,-0.8878120808019445,0.10355266903366839,dense1,sign_rate_in,histogram_correlation
CINIC_CIFAR,-0.9611480135306859,0.03976697807766377,dense1,sign_rate_in,histogram_correlation
SVHN_CINIC,-0.9007203589564418,0.09518920295379119,dense1,sign_rate_in,histogram_correlation
within_WTs,-0.8959336089820906,0.14181769120385457,dense1,sign_rate_in,histogram_correlation
within_conditions,-0.884107601224168,0.12788685913726017,dense1,sign_rate_in,histogram_correlation
between_WTs_and_RSN,-0.9200358794959403,0.057094520232427774,dense1,sign_rate_in,histogram_correlation
between_WT_datasets,-0.9165601510963574,0.0902422299620208,dense1,sign_rate_in,histogram_correlation
CIFAR,-0.2846682043323419,0.16193068823868248,dense1,sign_rate_out,histogram_correlation
CINIC,-0.5017920774773824,0.11171876530421795,dense1,sign_rate_out,histogram_correlation
SVHN,-0.4297925638322701,0.1072871420463829,dense1,sign_rate_out,histogram_correlation
RSN,-0.1594439733305745,0.14966774716269743,dense1,sign_rate_out,histogram_correlation
RSN_CIFAR,-0.25945324794121744,0.16182029007341628,dense1,sign_rate_out,histogram_correlation
RSN_CINIC,-0.42020457509490916,0.1316858202729237,dense1,sign_rate_out,histogram_correlation
RSN_SVHN,-0.33099615529887677,0.13886977315259233,dense1,sign_rate_out,histogram_correlation
CIFAR_SVHN,-0.3615000242874171,0.1383625999570665,dense1,sign_rate_out,histogram_correlation
CINIC_CIFAR,-0.42735506719672195,0.14380809081935197,dense1,sign_rate_out,histogram_correlation
SVHN_CINIC,-0.48633419857196925,0.10956197694068939,dense1,sign_rate_out,histogram_correlation
within_WTs,-0.4054176152139981,0.1577717301335487,dense1,sign_rate_out,histogram_correlation
within_conditions,-0.3439242047431422,0.18871504007683326,dense1,sign_rate_out,histogram_correlation
between_WTs_and_RSN,-0.3368846594450011,0.15893843855227388,dense1,sign_rate_out,histogram_correlation
between_WT_datasets,-0.4250630966853694,0.1409828217325651,dense1,sign_rate_out,histogram_correlation
CIFAR,0.739958680485348,0.05874267931515122,dense2,prune_rate_in,histogram_correlation
CINIC,0.7476125428480105,0.05149565041822228,dense2,prune_rate_in,histogram_correlation
SVHN,0.7632308309293581,0.05456434941298306,dense2,prune_rate_in,histogram_correlation
RSN,0.8065681969612566,0.0431620897562013,dense2,prune_rate_in,histogram_correlation
RSN_CIFAR,0.7671173261746341,0.05074069959474283,dense2,prune_rate_in,histogram_correlation
RSN_CINIC,0.23782993331813365,0.11656978961092805,dense2,prune_rate_in,histogram_correlation
RSN_SVHN,0.7795329441917763,0.053368665371844586,dense2,prune_rate_in,histogram_correlation
CIFAR_SVHN,0.7471167879984778,0.06063233366718048,dense2,prune_rate_in,histogram_correlation
CINIC_CIFAR,0.23330665451601687,0.12851695393707133,dense2,prune_rate_in,histogram_correlation
SVHN_CINIC,0.33093818641029166,0.12059346205372176,dense2,prune_rate_in,histogram_correlation
within_WTs,0.7502673514209055,0.055860364952749084,dense2,prune_rate_in,histogram_correlation
within_conditions,0.7643425628059934,0.058312618738366094,dense2,prune_rate_in,histogram_correlation
between_WTs_and_RSN,0.5948267345615147,0.2647379187178991,dense2,prune_rate_in,histogram_correlation
between_WT_datasets,0.43712054297492875,0.24741876534083923,dense2,prune_rate_in,histogram_correlation
CIFAR,0.9707702734069372,0.025367226283878455,dense2,prune_rate_out,histogram_correlation
CINIC,0.9802510070039068,0.015083375247913195,dense2,prune_rate_out,histogram_correlation
SVHN,0.9652490877898845,0.023269898575049627,dense2,prune_rate_out,histogram_correlation
RSN,0.9805127826601336,0.014801074595037331,dense2,prune_rate_out,histogram_correlation
RSN_CIFAR,0.9745201907442298,0.020756484923223555,dense2,prune_rate_out,histogram_correlation
RSN_CINIC,0.9645116438047959,0.02178515381560235,dense2,prune_rate_out,histogram_correlation
RSN_SVHN,0.9619640418891073,0.022781981086460467,dense2,prune_rate_out,histogram_correlation
CIFAR_SVHN,0.9528512937044449,0.02748510987997254,dense2,prune_rate_out,histogram_correlation
CINIC_CIFAR,0.9504260733002932,0.027952088626851286,dense2,prune_rate_out,histogram_correlation
SVHN_CINIC,0.971058171583738,0.02055690380635308,dense2,prune_rate_out,histogram_correlation
within_WTs,0.9720901227335761,0.02256571404675332,dense2,prune_rate_out,histogram_correlation
within_conditions,0.9741957877152156,0.021212685241773412,dense2,prune_rate_out,histogram_correlation
between_WTs_and_RSN,0.9669986254793778,0.022454021979531544,dense2,prune_rate_out,histogram_correlation
between_WT_datasets,0.9581118461961587,0.02716424535050405,dense2,prune_rate_out,histogram_correlation
CIFAR,-0.2348372546294843,0.09281365394367169,dense2,sign_rate_in,histogram_correlation
CINIC,-0.2048229626255123,0.11356277601211597,dense2,sign_rate_in,histogram_correlation
SVHN,-0.1857015438583271,0.14788886802683585,dense2,sign_rate_in,histogram_correlation
RSN,-0.17989386847686792,0.1366178160009431,dense2,sign_rate_in,histogram_correlation
RSN_CIFAR,-0.2457215370858944,0.11605272468891195,dense2,sign_rate_in,histogram_correlation
RSN_CINIC,-0.3068243529289259,0.13970501987099965,dense2,sign_rate_in,histogram_correlation
RSN_SVHN,-0.20684071116038746,0.14191854225096215,dense2,sign_rate_in,histogram_correlation
CIFAR_SVHN,-0.2106409076932354,0.12193682969875484,dense2,sign_rate_in,histogram_correlation
CINIC_CIFAR,-0.3025135275156163,0.11150738105861481,dense2,sign_rate_in,histogram_correlation
SVHN_CINIC,-0.2582388315356181,0.14483022098772788,dense2,sign_rate_in,histogram_correlation
within_WTs,-0.2084539203711079,0.12194114776936643,dense2,sign_rate_in,histogram_correlation
within_conditions,-0.2013139073975479,0.1263775253258567,dense2,sign_rate_in,histogram_correlation
between_WTs_and_RSN,-0.25312886705840265,0.13929257845287027,dense2,sign_rate_in,histogram_correlation
between_WT_datasets,-0.2571310889148232,0.1322880810402977,dense2,sign_rate_in,histogram_correlation
CIFAR,0.9136422748121603,0.03103125136926449,dense2,sign_rate_out,histogram_correlation
CINIC,0.9168885980661861,0.026869814099699477,dense2,sign_rate_out,histogram_correlation
SVHN,0.902535067142518,0.03478447656363663,dense2,sign_rate_out,histogram_correlation
RSN,0.8791605503944199,0.04024241407137884,dense2,sign_rate_out,histogram_correlation
RSN_CIFAR,0.8808309054843486,0.043396504677568164,dense2,sign_rate_out,histogram_correlation
RSN_CINIC,0.8822229864073294,0.04035838723384365,dense2,sign_rate_out,histogram_correlation
RSN_SVHN,0.8767610546275958,0.04355625815183758,dense2,sign_rate_out,histogram_correlation
CIFAR_SVHN,0.9009496210386961,0.03639235806994218,dense2,sign_rate_out,histogram_correlation
CINIC_CIFAR,0.9054108397029058,0.03254704365428401,dense2,sign_rate_out,histogram_correlation
SVHN_CINIC,0.9125474337667054,0.030693778855429166,dense2,sign_rate_out,histogram_correlation
within_WTs,0.9110219800069547,0.03166594450082876,dense2,sign_rate_out,histogram_correlation
within_conditions,0.9030566226038211,0.036704941889331794,dense2,sign_rate_out,histogram_correlation
between_WTs_and_RSN,0.8799383155064247,0.042525737646837106,dense2,sign_rate_out,histogram_correlation
between_WT_datasets,0.906302631502769,0.03363663382835837,dense2,sign_rate_out,histogram_correlation
CIFAR,0.8623579100442668,0.02043202729164986,dense1,prune_rate_in,histogram_intersection
CINIC,0.9268779202684663,0.01807924463627895,dense1,prune_rate_in,histogram_intersection
SVHN,0.9081116048972453,0.018222817099355408,dense1,prune_rate_in,histogram_intersection
RSN,0.40677083333333336,0.028456149584171538,dense1,prune_rate_in,histogram_intersection
RSN_CIFAR,0.9486229495454389,0.01887078521665107,dense1,prune_rate_in,histogram_intersection
RSN_CINIC,0.9644539397129295,0.012729800091799031,dense1,prune_rate_in,histogram_intersection
RSN_SVHN,0.9655646463683335,0.011253707132677536,dense1,prune_rate_in,histogram_intersection
CIFAR_SVHN,0.9062272678924906,0.019145772733822994,dense1,prune_rate_in,histogram_intersection
CINIC_CIFAR,0.9399733447956679,0.01629927611232067,dense1,prune_rate_in,histogram_intersection
SVHN_CINIC,0.926219840463637,0.0180957588204056,dense1,prune_rate_in,histogram_intersection
within_WTs,0.8991158117366596,0.03306155970533947,dense1,prune_rate_in,histogram_intersection
within_conditions,0.7760295671358279,0.21557576160066946,dense1,prune_rate_in,histogram_intersection
between_WTs_and_RSN,0.959547178542234,0.01657734671871054,dense1,prune_rate_in,histogram_intersection
between_WT_datasets,0.9241401510505984,0.022624249659062633,dense1,prune_rate_in,histogram_intersection
CIFAR,0.26461615294932156,0.028756303354204454,dense1,prune_rate_out,histogram_intersection
CINIC,0.2850802786491115,0.027534368402211594,dense1,prune_rate_out,histogram_intersection
SVHN,0.2651436553252617,0.025695256414370263,dense1,prune_rate_out,histogram_intersection
RSN,0.19828869047619047,0.02104287163149158,dense1,prune_rate_out,histogram_intersection
RSN_CIFAR,0.3431717786839369,0.03203527078226294,dense1,prune_rate_out,histogram_intersection
RSN_CINIC,0.5305950026821066,0.03203853823810289,dense1,prune_rate_out,histogram_intersection
RSN_SVHN,0.3187098139015798,0.024308524244988305,dense1,prune_rate_out,histogram_intersection
CIFAR_SVHN,0.29506306150171785,0.03353284517699615,dense1,prune_rate_out,histogram_intersection
CINIC_CIFAR,0.44768637314117976,0.03352847571609652,dense1,prune_rate_out,histogram_intersection
SVHN_CINIC,0.3987446249266659,0.032221716442137754,dense1,prune_rate_out,histogram_intersection
within_WTs,0.27161336230789823,0.028968307458888832,dense1,prune_rate_out,histogram_intersection
within_conditions,0.2532821943499713,0.041811097755315836,dense1,prune_rate_out,histogram_intersection
between_WTs_and_RSN,0.39749219842254113,0.0991923375243663,dense1,prune_rate_out,histogram_intersection
between_WT_datasets,0.38049801985652115,0.0717244610128783,dense1,prune_rate_out,histogram_intersection
CIFAR,0.9926870417253093,0.006145847932866471,dense1,sign_rate_in,histogram_intersection
CINIC,0.9942218356471312,0.005310126195181777,dense1,sign_rate_in,histogram_intersection
SVHN,0.9820319324691011,0.010178456872462107,dense1,sign_rate_in,histogram_intersection
RSN,0.9587797619047619,0.01134678717782205,dense1,sign_rate_in,histogram_intersection
RSN_CIFAR,0.9927277104746878,0.005621551706691911,dense1,sign_rate_in,histogram_intersection
RSN_CINIC,0.9932715899295599,0.005465281087255818,dense1,sign_rate_in,histogram_intersection
RSN_SVHN,0.9926758836081581,0.005491902987072465,dense1,sign_rate_in,histogram_intersection
CIFAR_SVHN,0.9904554667364684,0.007291471361389355,dense1,sign_rate_in,histogram_intersection
CINIC_CIFAR,0.9932048345937492,0.00591143125757019,dense1,sign_rate_in,histogram_intersection
SVHN_CINIC,0.9915548588700815,0.007329540503219865,dense1,sign_rate_in,histogram_intersection
within_WTs,0.9896469366138472,0.00926876654334732,dense1,sign_rate_in,histogram_intersection
within_conditions,0.9819301429365759,0.016591161312992132,dense1,sign_rate_in,histogram_intersection
between_WTs_and_RSN,0.9928917280041353,0.005533230672002582,dense1,sign_rate_in,histogram_intersection
between_WT_datasets,0.991738386733433,0.006968088538414329,dense1,sign_rate_in,histogram_intersection
CIFAR,0.8113595762557897,0.021492927430649802,dense1,sign_rate_out,histogram_intersection
CINIC,0.840961116363345,0.022853500592822863,dense1,sign_rate_out,histogram_intersection
SVHN,0.8148986109367207,0.022980125217994293,dense1,sign_rate_out,histogram_intersection
RSN,0.719828869047619,0.023797429964231315,dense1,sign_rate_out,histogram_intersection
RSN_CIFAR,0.7976170645852367,0.021619670489104258,dense1,sign_rate_out,histogram_intersection
RSN_CINIC,0.8640356088370752,0.01998475541496904,dense1,sign_rate_out,histogram_intersection
RSN_SVHN,0.803742994417783,0.023633275094679045,dense1,sign_rate_out,histogram_intersection
CIFAR_SVHN,0.8189050995207598,0.022726998116165742,dense1,sign_rate_out,histogram_intersection
CINIC_CIFAR,0.8607437433725085,0.020331982292084123,dense1,sign_rate_out,histogram_intersection
SVHN_CINIC,0.8484508618110372,0.02288378354121968,dense1,sign_rate_out,histogram_intersection
within_WTs,0.8224064345186185,0.026044777369592934,dense1,sign_rate_out,histogram_intersection
within_conditions,0.7967620431508685,0.05121749374253236,dense1,sign_rate_out,histogram_intersection
between_WTs_and_RSN,0.8217985559466983,0.03705873156764238,dense1,sign_rate_out,histogram_intersection
between_WT_datasets,0.8426999015681017,0.028156821978043447,dense1,sign_rate_out,histogram_intersection
CIFAR,0.23857886904761905,0.02752488494446554,dense2,prune_rate_in,histogram_intersection
CINIC,0.23761160714285715,0.02732225527849781,dense2,prune_rate_in,histogram_intersection
SVHN,0.22101934523809524,0.026558018662928406,dense2,prune_rate_in,histogram_intersection
RSN,0.19453125,0.023698938688061038,dense2,prune_rate_in,histogram_intersection
RSN_CIFAR,0.2413715277777778,0.027976535013849963,dense2,prune_rate_in,histogram_intersection
RSN_CINIC,0.5207118055555555,0.04912113396969919,dense2,prune_rate_in,histogram_intersection
RSN_SVHN,0.2325347222222222,0.029022222105905434,dense2,prune_rate_in,histogram_intersection
CIFAR_SVHN,0.2325347222222222,0.02725563956536856,dense2,prune_rate_in,histogram_intersection
CINIC_CIFAR,0.485,0.05206655979902605,dense2,prune_rate_in,histogram_intersection
SVHN_CINIC,0.43743055555555554,0.05349133857428823,dense2,prune_rate_in,histogram_intersection
within_WTs,0.2324032738095238,0.028309667502964448,dense2,prune_rate_in,histogram_intersection
within_conditions,0.22293526785714285,0.03178706166782931,dense2,prune_rate_in,histogram_intersection
between_WTs_and_RSN,0.33153935185185185,0.13875185538272758,dense2,prune_rate_in,histogram_intersection
between_WT_datasets,0.3849884259259259,0.11875709595884301,dense2,prune_rate_in,histogram_intersection
CIFAR,0.07641369047619048,0.03372337864425741,dense2,prune_rate_out,histogram_intersection
CINIC,0.06156994047619048,0.021317321373640077,dense2,prune_rate_out,histogram_intersection
SVHN,0.08292410714285714,0.027448550985648308,dense2,prune_rate_out,histogram_intersection
RSN,0.060788690476190475,0.0235976904718783,dense2,prune_rate_out,histogram_intersection
RSN_CIFAR,0.07109375,0.029753672596607484,dense2,prune_rate_out,histogram_intersection
RSN_CINIC,0.09331597222222222,0.02483427904923076,dense2,prune_rate_out,histogram_intersection
RSN_SVHN,0.09649305555555555,0.025031242534408034,dense2,prune_rate_out,histogram_intersection
CIFAR_SVHN,0.10159722222222223,0.031811345224499445,dense2,prune_rate_out,histogram_intersection
CINIC_CIFAR,0.10189236111111111,0.031014078593239784,dense2,prune_rate_out,histogram_intersection
SVHN_CINIC,0.07506944444444444,0.024981450487138613,dense2,prune_rate_out,histogram_intersection
within_WTs,0.0736359126984127,0.02935240875993375,dense2,prune_rate_out,histogram_intersection
within_conditions,0.07042410714285714,0.028571537562571133,dense2,prune_rate_out,histogram_intersection
between_WTs_and_RSN,0.0869675925925926,0.028934413184145812,dense2,prune_rate_out,histogram_intersection
between_WT_datasets,0.09285300925925925,0.032001739245376665,dense2,prune_rate_out,histogram_intersection
CIFAR,0.7249627976190476,0.022101658682182314,dense2,sign_rate_in,histogram_intersection
CINIC,0.7403645833333333,0.02222212534081064,dense2,sign_rate_in,histogram_intersection
SVHN,0.7370535714285714,0.027241594281008745,dense2,sign_rate_in,histogram_intersection
RSN,0.7107886904761904,0.028193760036248728,dense2,sign_rate_in,histogram_intersection
RSN_CIFAR,0.7462326388888889,0.024583823755309073,dense2,sign_rate_in,histogram_intersection
RSN_CINIC,0.8164756944444445,0.029096745720044254,dense2,sign_rate_in,histogram_intersection
RSN_SVHN,0.7430381944444444,0.024894428908162975,dense2,sign_rate_in,histogram_intersection
CIFAR_SVHN,0.7317013888888889,0.022861254556050578,dense2,sign_rate_in,histogram_intersection
CINIC_CIFAR,0.7939409722222223,0.023713739884249373,dense2,sign_rate_in,histogram_intersection
SVHN_CINIC,0.7892361111111111,0.02787012643896266,dense2,sign_rate_in,histogram_intersection
within_WTs,0.7341269841269841,0.024872109557913642,dense2,sign_rate_in,histogram_intersection
within_conditions,0.7282924107142857,0.027655291399035012,dense2,sign_rate_in,histogram_intersection
between_WTs_and_RSN,0.7685821759259259,0.042881633614607964,dense2,sign_rate_in,histogram_intersection
between_WT_datasets,0.7716261574074074,0.03769956205679098,dense2,sign_rate_in,histogram_intersection
CIFAR,0.16573660714285715,0.02806425909785852,dense2,sign_rate_out,histogram_intersection
CINIC,0.1601190476190476,0.023619674182087495,dense2,sign_rate_out,histogram_intersection
SVHN,0.16796875,0.02814772560696935,dense2,sign_rate_out,histogram_intersection
RSN,0.17392113095238096,0.024056165328522512,dense2,sign_rate_out,histogram_intersection
RSN_CIFAR,0.18784722222222222,0.027680493707072564,dense2,sign_rate_out,histogram_intersection
RSN_CINIC,0.18272569444444445,0.027249202722224985,dense2,sign_rate_out,histogram_intersection
RSN_SVHN,0.18470486111111112,0.028773149312073514,dense2,sign_rate_out,histogram_intersection
CIFAR_SVHN,0.17425347222222223,0.027492874883636376,dense2,sign_rate_out,histogram_intersection
CINIC_CIFAR,0.17100694444444445,0.026860674386746185,dense2,sign_rate_out,histogram_intersection
SVHN_CINIC,0.16149305555555554,0.025471158192971084,dense2,sign_rate_out,histogram_intersection
within_WTs,0.16460813492063492,0.02689798748416071,dense2,sign_rate_out,histogram_intersection
within_conditions,0.16693638392857144,0.0265247676885345,dense2,sign_rate_out,histogram_intersection
between_WTs_and_RSN,0.1850925925925926,0.027987874929100674,dense2,sign_rate_out,histogram_intersection
between_WT_datasets,0.16891782407407407,0.02716673609524315,dense2,sign_rate_out,histogram_intersection
